{
    "boys": {
        "25": {
            "age": "2: 1",
            "L": -0.584,
            "M": 15.98,
            "S": 0.07792
        },
        "26": {
            "age": "2: 2",
            "L": -0.5497,
            "M": 15.9414,
            "S": 0.078
        },
        "27": {
            "age": "2: 3",
            "L": -0.5166,
            "M": 15.9036,
            "S": 0.07808
        },
        "28": {
            "age": "2: 4",
            "L": -0.485,
            "M": 15.8667,
            "S": 0.07818
        },
        "29": {
            "age": "2: 5",
            "L": -0.4552,
            "M": 15.8306,
            "S": 0.07829
        },
        "30": {
            "age": "2: 6",
            "L": -0.4274,
            "M": 15.7953,
            "S": 0.07841
        },
        "31": {
            "age": "2: 7",
            "L": -0.4016,
            "M": 15.7606,
            "S": 0.07854
        },
        "32": {
            "age": "2: 8",
            "L": -0.3782,
            "M": 15.7267,
            "S": 0.07867
        },
        "33": {
            "age": "2: 9",
            "L": -0.3572,
            "M": 15.6934,
            "S": 0.07882
        },
        "34": {
            "age": "2:10",
            "L": -0.3388,
            "M": 15.661,
            "S": 0.07897
        },
        "35": {
            "age": "2:11",
            "L": -0.3231,
            "M": 15.6294,
            "S": 0.07914
        },
        "36": {
            "age": "3: 0",
            "L": -0.3101,
            "M": 15.5988,
            "S": 0.07931
        },
        "37": {
            "age": "3: 1",
            "L": -0.3,
            "M": 15.5693,
            "S": 0.0795
        },
        "38": {
            "age": "3: 2",
            "L": -0.2927,
            "M": 15.541,
            "S": 0.07969
        },
        "39": {
            "age": "3: 3",
            "L": -0.2884,
            "M": 15.514,
            "S": 0.0799
        },
        "40": {
            "age": "3: 4",
            "L": -0.2869,
            "M": 15.4885,
            "S": 0.08012
        },
        "41": {
            "age": "3: 5",
            "L": -0.2881,
            "M": 15.4645,
            "S": 0.08036
        },
        "42": {
            "age": "3: 6",
            "L": -0.2919,
            "M": 15.442,
            "S": 0.08061
        },
        "43": {
            "age": "3: 7",
            "L": -0.2981,
            "M": 15.421,
            "S": 0.08087
        },
        "44": {
            "age": "3: 8",
            "L": -0.3067,
            "M": 15.4013,
            "S": 0.08115
        },
        "45": {
            "age": "3: 9",
            "L": -0.3174,
            "M": 15.3827,
            "S": 0.08144
        },
        "46": {
            "age": "3:10",
            "L": -0.3303,
            "M": 15.3652,
            "S": 0.08174
        },
        "47": {
            "age": "3:11",
            "L": -0.3452,
            "M": 15.3485,
            "S": 0.08205
        },
        "48": {
            "age": "4: 0",
            "L": -0.3622,
            "M": 15.3326,
            "S": 0.08238
        },
        "49": {
            "age": "4: 1",
            "L": -0.3811,
            "M": 15.3174,
            "S": 0.08272
        },
        "50": {
            "age": "4: 2",
            "L": -0.4019,
            "M": 15.3029,
            "S": 0.08307
        },
        "51": {
            "age": "4: 3",
            "L": -0.4245,
            "M": 15.2891,
            "S": 0.08343
        },
        "52": {
            "age": "4: 4",
            "L": -0.4488,
            "M": 15.2759,
            "S": 0.0838
        },
        "53": {
            "age": "4: 5",
            "L": -0.4747,
            "M": 15.2633,
            "S": 0.08418
        },
        "54": {
            "age": "4: 6",
            "L": -0.5019,
            "M": 15.2514,
            "S": 0.08457
        },
        "55": {
            "age": "4: 7",
            "L": -0.5303,
            "M": 15.24,
            "S": 0.08496
        },
        "56": {
            "age": "4: 8",
            "L": -0.5599,
            "M": 15.2291,
            "S": 0.08536
        },
        "57": {
            "age": "4: 9",
            "L": -0.5905,
            "M": 15.2188,
            "S": 0.08577
        },
        "58": {
            "age": "4:10",
            "L": -0.6223,
            "M": 15.2091,
            "S": 0.08617
        },
        "59": {
            "age": "4:11",
            "L": -0.6552,
            "M": 15.2,
            "S": 0.08659
        },
        "60": {
            "age": "5: 0",
            "L": -0.6892,
            "M": 15.1916,
            "S": 0.087
        }
    },
    "girls": {
        "24": {
            "age": "2: 0",
            "L": -0.5684,
            "M": 15.6881,
            "S": 0.08454
        },
        "25": {
            "age": "2: 1",
            "L": -0.5684,
            "M": 15.659,
            "S": 0.08452
        },
        "26": {
            "age": "2: 2",
            "L": -0.5684,
            "M": 15.6308,
            "S": 0.08449
        },
        "27": {
            "age": "2: 3",
            "L": -0.5684,
            "M": 15.6037,
            "S": 0.08446
        },
        "28": {
            "age": "2: 4",
            "L": -0.5684,
            "M": 15.5777,
            "S": 0.08444
        },
        "29": {
            "age": "2: 5",
            "L": -0.5684,
            "M": 15.5523,
            "S": 0.08443
        },
        "30": {
            "age": "2: 6",
            "L": -0.5684,
            "M": 15.5276,
            "S": 0.08444
        },
        "31": {
            "age": "2: 7",
            "L": -0.5684,
            "M": 15.5034,
            "S": 0.08448
        },
        "32": {
            "age": "2: 8",
            "L": -0.5684,
            "M": 15.4798,
            "S": 0.08455
        },
        "33": {
            "age": "2: 9",
            "L": -0.5684,
            "M": 15.4572,
            "S": 0.08467
        },
        "34": {
            "age": "2:10",
            "L": -0.5684,
            "M": 15.4356,
            "S": 0.08484
        },
        "35": {
            "age": "2:11",
            "L": -0.5684,
            "M": 15.4155,
            "S": 0.08506
        },
        "36": {
            "age": "3: 0",
            "L": -0.5684,
            "M": 15.3968,
            "S": 0.08535
        },
        "37": {
            "age": "3: 1",
            "L": -0.5684,
            "M": 15.3796,
            "S": 0.08569
        },
        "38": {
            "age": "3: 2",
            "L": -0.5684,
            "M": 15.3638,
            "S": 0.08609
        },
        "39": {
            "age": "3: 3",
            "L": -0.5684,
            "M": 15.3493,
            "S": 0.08654
        },
        "40": {
            "age": "3: 4",
            "L": -0.5684,
            "M": 15.3358,
            "S": 0.08704
        },
        "41": {
            "age": "3: 5",
            "L": -0.5684,
            "M": 15.3233,
            "S": 0.08757
        },
        "42": {
            "age": "3: 6",
            "L": -0.5684,
            "M": 15.3116,
            "S": 0.08813
        },
        "43": {
            "age": "3: 7",
            "L": -0.5684,
            "M": 15.3007,
            "S": 0.08872
        },
        "44": {
            "age": "3: 8",
            "L": -0.5684,
            "M": 15.2905,
            "S": 0.08931
        },
        "45": {
            "age": "3: 9",
            "L": -0.5684,
            "M": 15.2814,
            "S": 0.08991
        },
        "46": {
            "age": "3:10",
            "L": -0.5684,
            "M": 15.2732,
            "S": 0.09051
        },
        "47": {
            "age": "3:11",
            "L": -0.5684,
            "M": 15.2661,
            "S": 0.0911
        },
        "48": {
            "age": "4: 0",
            "L": -0.5684,
            "M": 15.2602,