{
    "boys": {
        "0": {
            "age": "0: 0",
            "L": -0.3053,
            "M": 13.4069,
            "S": 0.0956
        },
        "1": {
            "age": "0: 1",
            "L": 0.2708,
            "M": 14.9441,
            "S": 0.09027
        },
        "2": {
            "age": "0: 2",
            "L": 0.1118,
            "M": 16.3195,
            "S": 0.08677
        },
        "3": {
            "age": "0: 3",
            "L": 0.0068,
            "M": 16.8987,
            "S": 0.08495
        },
        "4": {
            "age": "0: 4",
            "L": -0.0727,
            "M": 17.1579,
            "S": 0.08378
        },
        "5": {
            "age": "0: 5",
            "L": -0.137,
            "M": 17.2919,
            "S": 0.08296
        },
        "6": {
            "age": "0: 6",
            "L": -0.1913,
            "M": 17.3422,
            "S": 0.08234
        },
        "7": {
            "age": "0: 7",
            "L": -0.2385,
            "M": 17.3288,
            "S": 0.08183
        },
        "8": {
            "age": "0: 8",
            "L": -0.2802,
            "M": 17.2647,
            "S": 0.0814
        },
        "9": {
            "age": "0: 9",
            "L": -0.3176,
            "M": 17.1662,
            "S": 0.08102
        },
        "10": {
            "age": "0:10",
            "L": -0.3516,
            "M": 17.0488,
            "S": 0.08068
        },
        "11": {
            "age": "0:11",
            "L": -0.3828,
            "M": 16.9239,
            "S": 0.08037
        },
        "12": {
            "age": "1: 0",
            "L": -0.4115,
            "M": 16.7981,
            "S": 0.08009
        },
        "13": {
            "age": "1: 1",
            "L": -0.4382,
            "M": 16.6743,
            "S": 0.07982
        },
        "14": {
            "age": "1: 2",
            "L": -0.463,
            "M": 16.5548,
            "S": 0.07958
        },
        "15": {
            "age": "1: 3",
            "L": -0.4863,
            "M": 16.4409,
            "S": 0.07935
        },
        "16": {
            "age": "1: 4",
            "L": -0.5082,
            "M": 16.3335,
            "S": 0.07913
        },
        "17": {
            "age": "1: 5",
            "L": -0.5289,
            "M": 16.2329,
            "S": 0.07892
        },
        "18": {
            "age": "1: 6",
            "L": -0.5484,
            "M": 16.1392,
            "S": 0.07873
        },
        "19": {
            "age": "1: 7",
            "L": -0.5669,
            "M": 16.0528,
            "S": 0.07854
        },
        "20": {
            "age": "1: 8",
            "L": -0.5846,
            "M": 15.9743,
            "S": 0.07836
        },
        "21": {
            "age": "1: 9",
            "L": -0.6014,
            "M": 15.9039,
            "S": 0.07818
        },
        "22": {
            "age": "1:10",
            "L": -0.6174,
            "M": 15.8412,
            "S": 0.07802
        },
        "23": {
            "age": "1:11",
            "L": -0.6328,
            "M": 15.7852,
            "S": 0.07786
        }
    },
    "girls": {
        "0": {
            "age": "0: 0",
            "L": -0.0631,
            "M": 13.3363,
            "S": 0.09272
        },
        "1": {
            "age": "0: 1",
            "L": 0.3448,
            "M": 14.5679,
            "S": 0.09556
        },
        "2": {
            "age": "0: 2",
            "L": 0.1749,
            "M": 15.7679,
            "S": 0.09371
        },
        "3": {
            "age": "0: 3",
            "L": 0.0643,
            "M": 16.3574,
            "S": 0.09254
        },
        "4": {
            "age": "0: 4",
            "L": -0.0191,
            "M": 16.6703,
            "S": 0.09166
        },
        "5": {
            "age": "0: 5",
            "L": -0.0864,
            "M": 16.8386,
            "S": 0.09096
        },
        "6": {
            "age": "0: 6",
            "L": -0.1429,
            "M": 16.9083,
            "S": 0.09036
        },
        "7": {
            "age": "0: 7",
            "L": -0.1916,
            "M": 16.902,
            "S": 0.08984
        },
        "8": {
            "age": "0: 8",
            "L": -0.2344,
            "M": 16.8404,
            "S": 0.08939
        },
        "9": {
            "age": "0: 9",
            "L": -0.2725,
            "M": 16.7406,
            "S": 0.08898
        },
        "10": {
            "age": "0:10",
            "L": -0.3068,
            "M": 16.6184,
            "S": 0.08861
        },
        "11": {
            "age": "0:11",
            "L": -0.3381,
            "M": 16.4875,
            "S": 0.08828
        },
        "12": {
            "age": "1: 0",
            "L": -0.3667,
            "M": 16.3568,
            "S": 0.08797
        },
        "13": {
            "age": "1: 1",
            "L": -0.3932,
            "M": 16.2311,
            "S": 0.08768
        },
        "14": {
            "age": "1: 2",
            "L": -0.4177,
            "M": 16.1128,
            "S": 0.08741
        },
        "15": {
            "age": "1: 3",
            "L": -0.4407,
            "M": 16.0028,
            "S": 0.08716
        },
        "16": {
            "age": "1: 4",
            "L": -0.4623,
            "M": 15.9017,
            "S": 0.08693
        },
        "17": {
            "age": "1: 5",
            "L": -0.4825,
            "M": 15.8096,
            "S": 0.08671
        },
        "18": {
            "age": "1: 6",
            "L": -0.5017,
            "M": 15.7263,
            "S": 0.0865
        },
        "19": {
            "age": "1: 7",
            "L": -0.5199,
            "M": 15.6517,
            "S": 0.0863
        },
        "20": {
            "age": "1: 8",
            "L": -0.5372,
            "M": 15.5855,
            "S": 0.08612
        },
        "21": {
            "age": "1: 9",
            "L": -0.5537,
            "M": 15.5278,
            "S": 0.08594
        },
        "22": {
            "age": "1:10",
            "L": -0.5695,
            "M": 15.4787,
            "S": 0.08577
        },
        "23": {
            "age": "1:11",
            "L": -0.5846,
            "M": 15.438,
            "S": 0.0856
        }
    }
}